{"mcc_mex_addcard_lbl_addcardtitle":"New card, new you","mcc_mex_addcard_validation_expirydate_incomplete":"Expiry date invalid","mcc_mex_new_terms_conditions_title":"Update","mcc_mex_express_chackout_info_alert_title":"Check out even faster","mcc_err_web_checkout":"Web checkout failed. Please try again.","mcs_err_unsupported_shipping_address":"This address is not supported by merchant for shipping.","mcc_mex_3DS_verification_error":"Card authentication failed. Please try again or use a different card.","mcc_ex_storyboard_not_supported_reason":"Masterpass button initialization from Storyboard not supported.","mcc_mex_addcard_validation_zip_invalid":"Postal code invalid","mcc_mex_password_policy_contain_space":"Password must not contain any space","mcs_err_query_unknown_params":"Unknown parameters from merchant","mcc_ex_button_set_image_not_supported_name":"Custom image not supported","mcc_mex_registration_privacy_policy":"privacy","mcc_mex_selecting_label_signin":"Log In","sdk_err_internal_failure":"Internal error. Please contact developer support.","mcc_mex_signin_btn_register_here":"Register here","mcc_mex_email_invalid":"Please enter a valid email address","mcc_mex_addcard_txt_expirydate":"MM/YY","mcc_mex_Authentication_Option_message":"Your password will remain as a backup method of checkout even after Touch ID is enabled.","mcc_mex_signin_label_description":"Log in to your existing Masterpass account, or sign up for a new one","mcc_mex_otp_title":"One Time Passcode","mcc_mex_addcard_validation_cardnumber_minlimit":"Card number can not be less than %@ characters","mcc_mex_scancard_title":"Scan Card","mcc_mex_card_not_accepted_alert_description":"Sorry, the cards in your wallet are not accepted by this merchant. Please add an accepted/not expired card.","mcc_mex_register_for_masterpass_description_title_range":"sign in here","mcc_mex_account_detected_message":"This %@ is already connected to an existing digital wallet account. Please log into that existing account. Or you can start over and use a different %@.","mcc_mex_addcard_txt_cvv":"CVC","mcc_mex_Authentication_Option_title":"Enable Touch ID for checkout","mcs_err_no_cartid_found":"CartId not found.","mcc_mex_account_detail_label":"Account Details","mcc_mex_checkout_card_expired_error":"Card Expired","mcc_mex_select_payment_title":"Choose a Card","mcc_mex_no_btn_title":"No","mcc_mex_addcard_validation_cardnumber_maxlimit":"Card number can not be greater than %@ characters","mcc_mex_registration_desc_title":"A little more info, please","mcc_mex_continue_btn_title":"Continue","mcf_err_network_not_reachable":"The request could not be completed. Please check internet connectivity and try again.","mcc_mex_registration_checkout_desc":"Connect this Masterpass wallet to this merchant in order to check out using just the Masterpass button.","mcc_err_memory_warning":"Receieve memory warning in loading dynamic button image","mcc_mex_otp_attempts_ui_message":"You have reached maximum attempt of re-sending OTP. Please log in again.","mcc_mex_otp_btn_text_me_again":"Text Me Again","sdk_err_currency_code":"it must be of 3 character","mcc_mex_recognize_flow_btn_confirm_with_faceid_text":"Confirm with Face ID","mcc_mex_recognize_flow_text_description":"Please confirm your Masterpass credentials.","mcc_mex_lbl_wallet_selector":"Not seeing your bank wallet? Find additional wallets here","mcc_mex_phone_number_not_valid":"Please enter a valid mobile number","mcs_err_fetching_shipping_locations":"Error in fetching Locations supported by merchant for shipping.","mcs_error_no_transactionid_found":"TransactionId not found.","mcc_mex_addcard_validation_cardbrand_invalid":"Merchant currently only supports the following card brands: %@.","mcc_mex_no_card_alert_title":"No cards in wallet","mcc_mex_welcome_register_title":"Sign Up for Masterpass","mcc_mex_welcome_textfield_placeholder":"Email or Mobile Number","mcs_err_query_parameter_missing":"Parameter %@ is missing from merchant.","mcc_mex_otp_textfield_placeholder":"Enter Code","mcc_mex_terms_conditions_label":"Terms","mcc_mex_account_detected_email":"email","mcc_mex_register_btn_title":"Sign Up","mcc_mex_addcard_txt_zipcode":"Zip Code","mcc_mex_checkout_use_fingerprint_message":"Verify your fingerprint to continue with your purchase.","mcc_mex_selecting_description":"Please choose your Masterpass wallet below. Don\u0027t have an account? Register here.","mcc_invalid_paymentmethod":"Payment method data provided is not valid, please try again.","mcc_mex_express_chackout_info_alert_donebutton":"Done","mcc_mex_otp_btn_send_code_to_email":"Send Code to my Email","mcs_err_no_supported_payment_card":"None of your network type is supported by wallet.","mcc_mex_account_locked_err_title":"Too Many Attempts","mcc_mex_alert_error_title":"Error","mcc_mex_legalContent_termsConditions_title":"Terms \u0026 Conditions","mcc_mex_choose_wallet_description":"We\u0027ve detected that you have more than one Masterpass account. Which one were you looking for?","mcc_mex_yes_btn_title":"Yes","mcc_mex_no_valid_card_cell_description":"We don\u0027t see any valid cards available.","sdk_err_communication_failure":"We\u0027re sorry, please start over and try again.","mcc_mex_signin_text_password_placeholder":"Password","mcc_mex_select_payment_description":"Please confirm your payment details","mcc_walletSelector_btn_masterpassmex":"Masterpass Merchant Experience","mcc_mex_addcard_validation_cvv_maxlimit":"CVC number invalid","sdk_err_for_express_pairing":"The value of expressCheckoutEnabled at the time of initialization must be true to perform express pairing.","mcc_mex_select_payment_add_Card_cell_text_description":" - Log-in Required","mcc_not_initialized":"SDK is not initialized.","mcc_mex_policy_update_message":"The Masterpass Privacy Policy has been updated. Please read and accept the changes to proceed.","mcc_mex_otp_attempts_limit_title":"Too Many Attempts","mcc_mex_addcard_validation_firstname_invalid":"Name can only contain letters","mcc_mex_validation_national_id_invalid":"Please enter a valid national ID","mcc_mex_signin_btn_forgot_password":"Forgot Password","mcc_mex_addcard_lbl_description":"Enter your payment card info so we can create your secure Masterpass account.","mcc_mex_addcard_validation_firstname_maxlimit":"First name must be less than 30 characters","sdk_err_paramdata_type_mismatch":"Parameter %@\u0027s type is not valid.","sdk_err_wallet_detection_timeout":"There was an error scanning device, try again later","mcc_mex_biometric_enroll_title":"BIOMETRICS CHECKOUT","mcc_mex_addcard_max_card_limit_title":"Card maximum reached","mcc_mex_registration_tc_pp_desc":"By continuing, you agree to the Masterpass %@ and %@","mcc_mex_otp_emailed":"emailed","mcs_err_query_decoding":"Error decoding the query from merchant.","mcc_mex_account_detected_phone":"phone number","mcc_mex_no_card_alert_OK":"Add Card","mcc_mex_password_policy_letters_or_numbers":"letters or numbers","mcc_mex_registration_checkout_title":"Check out even faster","mcs_err_request_not_for_mcswallet":"This request is not for Wallet SDK.","mcc_ex_button_set_image_not_supported_reason":"Custom image can not be added on Masterpass button","mcc_mex_btn_cancel":"Cancel","mcc_mex_legalContent_privacyPolicy_title":"Privacy Policy","mcc_mex_signin_label_description_link_text":"sign up","mcc_mex_choose_wallet_heading_title":"Which wallet do you want to sign in to?","mcc_mex_authorize_charges_label":"Authorize Card","sdk_err_null_value_is_not_expected":"The %@ parameter can not be nil.","mcc_mex_lbl_wallet_selector_link":"here","mcc_err_image_not_generated":"Image not generated","mcc_mex_email_max_limit":"Please enter a valid email address","mcc_mex_biometric_internal_failure":"Internal error in biometric authentication, please use checkout with password.","mcc_mex_signin":"Sign In","mcc_mex_btn_alert_ok":"Close","mcc_mex_terms_update_message":"The Masterpass Terms has been updated. Please read and accept the changes to proceed.","mcc_mex_selecting_signin_description":"We are happy to see you again! Please provide your account credentials to log in.","mcc_mex_addcard_validation_expirydate_expired":"Expiry date invalid","mcc_ex_buttoncontrol_event_not_supported_reason":"Control event can not be added on Masterpass button.","mcc_mex_addcard_txt_lastname":"Last Name","mcc_mex_password_policy_symbols":"symbols","mcc_mex_select_payment_expressCheckout_description":"Skip login while shopping with this merchant.","mcc_mex_recognize_flow_btn_confirm_text":"Confirm","mcc_mex_selecting_signin_navigation_bar_title":"Choose Your Wallet","mcc_mex_password_policy_and":"and","mcc_mex_otp_btn_email_me_instead":"Email me instead","mcc_mex_account_locked_err_message":"We\u0027re sorry, but we\u0027re unable to verify your identity and your account has been temporarily locked. You may either reset your password and unlock your account now, or you may try logging in later.","mcc_mex_register_title_label":"Account Information","mcc_mex_Authentication_Password_Option_title":"Only Password","mcc_mex_card_info_label":"Card Information","mcc_mex_terms_and_policy_decline_title":"Are you sure?","mcc_mex_scancard_camera_permission_btn_settings":"Settings","mcc_mex_multiple_not_accepted_cards_header_label":"Card(s) not accepted by the merchant.","mcc_mex_signin_btn_change":"Change","mcc_mex_account_detected_desc_title":"We just noticed something.","mcc_mex_addcard_title":"Enter Card","mcc_mex_terms_and_policy_update_message":"The Masterpass Terms and the Privacy Policy have been updated. Please read and accept the changes to proceed.","mcc_mex_no_card_alert_description":"There are no cards in your wallet. Please add a new card to complete your checkout.","mcc_mex_otp_btn_email_me_again":"Email me again","mcs_err_query_invalid_source":"Cannot identify the source of incoming parameters.","mcc_mex_addcard_validation_cvv_minlimit":"CVC number invalid","mcc_mex_password_max_limit":"Password must be maximum %@ characters long.","mcc_mex_registration_email_placeholder":"Email","mcc_mex_recognize_flow_text_title":"Authorize a card","mcc_mex_otp_heading_title":"Is that really you?","mcc_mex_lbl_card_expired":"Expired","mcc_mex_registration_desc":"Enter your phone, email and password to securely shop with Masterpass in the future.","mcc_open_url_error":"Merchant SDK not able to open selected wallet.","mcc_mex_phone_number_leading_zero":"International numbers do not support leading \"0\"","mcc_mex_recognize_flow_password_placeholder":"Password","mcc_mex_select_payment_add_Card_cell_text":"Add Card","mcc_mex_err_invalid_otp":"Your Unique Code is invalid. Please try again.","mcc_mex_scancard_camera_permission_title":"Please Allow Access","mcc_mex_password_policy_generic_message":"Please make sure your password has at least of the following character types: %@","mcc_ex_storyboard_not_supported_name":"Storyboard not spported.","mcc_mex_addcard_lbl_addcarddescription":"Enter your new card information so we get you buying things","mcc_mex_legalContent_load_error":"Error happened when loading the legal content. Please try again.","mcc_mex_welcome_title":"Log In","mcc_ex_buttoncontrol_event_not_supported_name":"Control event not supported.","mcc_mex_signin_btn_title":"Log In","mcc_mex_biometric_titile":"FINGERPRINT CHECKOUT","mcs_err_transcation_failed":"Transaction failed due to internal server error","mcs_err_activity_type":"Invalid activity type.","sdk_err_nil_parameter":"Or nil value passed.","mcc_mex_btn_back":"Back","mcc_mex_decline_btn_title":"Decline","mcc_mex_otp_btn_text_me_instead":"Text me instead","mcc_walletSelector_lbl_rememberWallet_description":"Remember this wallet for future payments with this app. To change this at any time, tap \"Change Wallet\".","mcs_err_no_supported_shipping_address":"None of your address is supported by merchant for shipping.","mcc_mex_checkout_use_biometric_message":"Verify your biometric identity to continue with your purchase.","sdk_err_exponent_too_large":"cannot have more then 2 decimal places.","mcc_mex_select_payment_table_title":"Pay with","mcc_mex_phone_number_max_limit":"Phone number should be of minimum 10 digits","mcc_mex_register_for_masterpass_title":"Register for Masterpass","mcc_cancel_web_checkout":"Web checkout cancelled by user.","mcc_mex_3DS_verification_title":"3DS Verification","mcc_mex_addcard_lbl_letsgetstarted":"Let\u0027s get started","mcc_mex_addcard_txt_cardnumber":"Card Number","mcc_mex_addcard_text_country_placeholder":"Select country","mcc_mex_card_not_accepted_alert_title":"Card not accepted","mcc_mex_not_accepted_cards_header_label":"Card(s) not accepted by the merchant.","mcc_mex_password_policy_repeating_char":"no more than %@ repeating characters","mcc_mex_registration_title":"Sign Up for Masterpass","mcc_mex_otp_description_for_phonenumber":"To keep your account secure, we need to confirm that you are actually you. So, please enter the security code we texted you at %@","mcc_mex_registration_mobile_placeholder":"Mobile Number","mcc_sdk_initalization_started":"SDK is doing initialization, please wait.","mcc_mex_addcard_validation_lastname_invalid":"Name can only contain letters","mcc_mex_account_detected_title":"Account Detected","mcc_mex_checkout_use_fingerprint_future_message":"Confirm your fingerprint to use Touch ID for future purchases.","mcc_mex_addcard_txt_firstname":"First Name","mcc_mex_checkout_use_password":"Use Password","mcc_mex_otp_min_length":"Passcode should be of minimum %@ digits","mcc_no_checkout":"There is no checkout in process.","mcc_mex_express_chackout_info_alert_description":"By enabling this feature, you will skip Masterpass log-in on future purchase with this merchant. Masterpass will share your payment details with this merchant. You can change this preference at any time in your payment setting or Masterpass account.","mcc_mex_select_payment_expressCheckout_title":"Express checkout","mcc_mex_register_for_masterpass_description_title":"Add a mobile number or email to sign up for Masterpass. if you already have an account, sign in here.","mcc_mex_select_payment_bar_title":"Select Payment Method","mcc_mex_addcard_max_card_limit_message":"Masterpass can only have 20 cards at one time. Please delete a card before adding a new one.","mcc_mex_Authentication_TouchID_Option_title":"Enable Touch ID","mcc_mex_checkout_card_deleted_error":"Card Deleted","mcc_mex_password_min_limit":"Password should be of minimum %@ characters","mcc_mex_otp_texted":"texted","sdk_err_invalid_value_provided":"Invalid value provided for parameter %@.","mcc_invalid_checkout_reponse":"Invalid checkout response.","mcc_mex_welcome_description_title":"To sign up, provide your email or mobile number which we\u0027ll use to find the right wallet for you.","mcc_mex_register_description_label":"Enter your mobile number, email, password and card information","mcc_mex_biometric_description":"Authorize future purchases at %@ using your fingerprint.","mcc_mex_biometric_enroll_description":"Authorize future purchases at %@ using your biometrics.","mcc_err_no_valid_svg":"No valid dynamic button image found","mcc_mex_validation_cardnumber":"Invalid Card Number","mcc_mex_registration_terms_conditions":"terms","mcs_error_no_checkout_resource_url_found":"Checkout resource url not found.","mcc_mex_registration_national_id_placeholder":"National ID Number","mcc_mex_scancard_camera_permission_message":"Please go to Settings \u003e Privacy \u003e Camera to allow this application to access your camera.","mcc_mex_scancard_aligncard_title":"Align your card to take a picture","mcc_mex_signin_title":"Welcome to Masterpass","mcc_mex_recognize_flow_btn_confirm_with_touchid_text":"Confirm with Touch ID","mcc_mex_registration_password_placeholder":"Password (8-20 characters)","mcc_mex_signout_btn_title":"Log out","mcc_mex_addcard_validation_lastname_maxlimit":"Last name must be less than 30 characters","mcc_mex_accept_btnTitle":"Accept","sdk_err_mandatory_parameter_missing":"Mandatory parameter %@ is missing.","mcc_mex_otp_description_for_phone_or_email":"To keep your account secure, we need to confirm that you are actually you. So, please enter the security code we %@ you at %@"}